airline,origin,dest,distance,dep_delay,arr_delay,date
American,SEA,MIA,868,47,66,2023-02-01
AirIndia,SFO,DFW,1655,131,150,2023-02-03
American,SFO,ATL,1089,162,154,2023-03-11
Southwest,LAX,SEA,2166,106,123,2023-01-12
United,LAX,DFW,1316,82,88,2023-02-04
United,SEA,JFK,860,5,-7,2023-01-23
Delta,ATL,DFW,1200,35,32,2023-02-23
United,LAX,DEN,2405,175,182,2023-02-25
Delta,DEN,ORD,1274,96,104,2023-03-18
Delta,MIA,SEA,1307,104,91,2023-02-16
Delta,SFO,LAS,484,161,153,2023-03-08
American,LAX,ATL,357,52,66,2023-03-23
Delta,ORD,DEN,883,99,104,2023-03-12
Southwest,SEA,ATL,1389,71,65,2023-01-25
JetBlue,ATL,MIA,1479,19,36,2023-01-30
American,LAX,DFW,2325,85,75,2023-03-24
AirIndia,LAX,SFO,1166,52,70,2023-02-28
United,SEA,ATL,2054,82,91,2023-01-23
AirIndia,DEN,SEA,471,113,114,2023-01-16
Southwest,MIA,JFK,310,163,162,2023-02-26
United,JFK,LAS,1912,59,72,2023-02-19
AirIndia,MIA,ATL,1987,133,146,2023-02-20
JetBlue,SFO,DEN,2193,19,35,2023-03-24
Southwest,LAX,ORD,218,108,96,2023-03-25
Delta,MIA,SEA,1862,-5,1,2023-01-30
Delta,ORD,SEA,2364,49,41,2023-03-10
American,LAS,DFW,1723,173,175,2023-01-02
JetBlue,LAX,ATL,1907,142,145,2023-02-19
AirIndia,MIA,JFK,975,91,91,2023-01-26
American,LAX,SEA,937,0,-9,2023-02-22
United,SEA,DFW,1081,30,21,2023-02-03
United,DEN,JFK,2431,157,151,2023-03-29
American,DFW,ATL,976,165,164,2023-03-27
JetBlue,DEN,SEA,1114,1,19,2023-02-07
American,DEN,ORD,1803,107,110,2023-01-25
American,LAS,SFO,1159,11,23,2023-01-09
JetBlue,LAS,MIA,1525,125,139,2023-01-26
Delta,SFO,MIA,1934,107,98,2023-01-17
United,DEN,MIA,1954,107,119,2023-01-27
United,ATL,LAS,1598,137,138,2023-02-26
Delta,JFK,ORD,691,100,92,2023-03-23
Southwest,DEN,ORD,2312,146,136,2023-02-09
AirIndia,DEN,LAS,2069,134,132,2023-02-10
Delta,ATL,JFK,1355,61,46,2023-03-22
JetBlue,ATL,LAX,2163,24,31,2023-02-25
American,SFO,SEA,978,43,52,2023-03-07
United,LAS,SEA,1169,129,121,2023-02-05
JetBlue,DFW,LAS,1814,58,65,2023-04-01
Delta,ATL,SEA,2384,13,27,2023-01-15
JetBlue,LAX,SEA,2164,90,96,2023-03-13
American,DEN,ATL,1614,176,180,2023-03-05
AirIndia,LAS,MIA,1220,166,179,2023-03-22
Delta,SEA,MIA,1643,145,150,2023-01-21
JetBlue,SEA,SFO,318,48,54,2023-03-15
United,ATL,DEN,950,57,69,2023-01-09
United,ORD,LAS,593,23,27,2023-02-27
United,LAS,DEN,470,57,58,2023-02-16
JetBlue,ATL,MIA,755,104,91,2023-01-10
American,JFK,SEA,1967,63,63,2023-02-23
Southwest,JFK,LAX,404,161,180,2023-03-18
Delta,LAS,JFK,1268,-3,-9,2023-02-07
United,ATL,LAS,1533,170,173,2023-03-11
JetBlue,JFK,DFW,1235,20,31,2023-03-19
Delta,MIA,SFO,1761,56,70,2023-01-04
Southwest,ATL,LAS,681,51,45,2023-02-26
American,LAX,SEA,1816,83,97,2023-02-27
JetBlue,LAX,SEA,238,133,132,2023-03-15
Southwest,MIA,DEN,834,46,43,2023-01-15
Southwest,DFW,DEN,1027,24,43,2023-02-27
Southwest,MIA,ORD,2400,14,22,2023-01-28
American,ATL,LAS,1939,48,55,2023-02-01
Southwest,DEN,JFK,1278,178,177,2023-01-13
JetBlue,LAX,ORD,2093,51,66,2023-03-27
AirIndia,LAX,MIA,706,111,129,2023-02-16
JetBlue,ATL,MIA,2274,59,67,2023-01-13
JetBlue,MIA,DEN,1510,-4,11,2023-01-23
United,MIA,ATL,1801,78,67,2023-01-07
Southwest,JFK,ORD,1490,169,187,2023-02-05
JetBlue,DFW,LAX,2326,70,79,2023-01-30
JetBlue,DEN,SEA,1061,137,124,2023-01-06
JetBlue,SEA,MIA,1100,146,146,2023-01-26
AirIndia,ORD,LAS,560,129,132,2023-03-17
AirIndia,ORD,MIA,1898,6,14,2023-03-11
AirIndia,MIA,SFO,1468,94,88,2023-01-22
Southwest,LAX,MIA,1022,175,177,2023-03-07
JetBlue,LAX,DFW,299,139,127,2023-03-10
United,SEA,DEN,254,85,99,2023-01-26
United,LAS,JFK,269,89,79,2023-01-10
AirIndia,ORD,SFO,893,-4,14,2023-03-31
Southwest,MIA,LAX,832,41,47,2023-02-17
Southwest,SFO,LAS,837,115,131,2023-01-30
Delta,SFO,DEN,1374,171,159,2023-03-22
Delta,LAS,MIA,850,88,102,2023-02-27
Southwest,LAS,MIA,2207,40,32,2023-01-11
Southwest,ATL,DFW,1809,67,76,2023-03-29
United,ORD,JFK,1857,114,108,2023-02-13
United,LAS,DFW,1509,119,133,2023-02-08
JetBlue,DFW,JFK,1779,70,79,2023-03-04
American,SEA,LAX,488,69,67,2023-01-06
Southwest,DEN,MIA,426,31,24,2023-02-21
American,DEN,JFK,700,178,191,2023-01-21
American,SFO,LAS,1899,-8,-22,2023-02-28
Delta,ORD,SFO,1300,44,47,2023-01-05
Southwest,LAS,DFW,1198,128,117,2023-01-26
American,SEA,SFO,1702,75,70,2023-02-14
Southwest,ATL,MIA,1652,23,10,2023-01-22
Southwest,SEA,MIA,1127,0,19,2023-03-14
Delta,LAX,SEA,1842,110,108,2023-03-29
American,ORD,DEN,1390,75,90,2023-02-02
United,LAX,DEN,202,33,49,2023-02-04
United,MIA,LAX,240,82,77,2023-03-10
JetBlue,DFW,MIA,969,170,159,2023-03-20
United,DEN,JFK,1564,171,170,2023-02-25
American,JFK,ORD,1728,56,57,2023-03-08
United,ATL,ORD,2100,22,18,2023-03-04
AirIndia,LAX,SEA,1292,34,25,2023-03-08
AirIndia,LAS,ATL,927,95,105,2023-02-14
JetBlue,ORD,SEA,1475,-8,-1,2023-01-26
United,SEA,LAS,527,10,27,2023-03-26
American,LAS,SEA,1593,129,126,2023-02-16
Southwest,LAX,SEA,2487,81,98,2023-02-23
AirIndia,JFK,ORD,824,115,100,2023-01-13
American,SFO,DFW,405,102,109,2023-02-27
AirIndia,DEN,SEA,2284,17,23,2023-03-03
Southwest,LAX,SFO,754,-5,13,2023-02-18
United,ATL,LAX,1492,118,113,2023-03-18
United,SEA,LAS,1012,8,21,2023-02-16
AirIndia,ORD,ATL,1199,64,79,2023-01-13
AirIndia,DFW,DEN,1894,82,88,2023-01-07
Southwest,DFW,DEN,609,159,161,2023-03-13
American,ATL,SFO,1003,18,23,2023-01-26
JetBlue,ORD,ATL,1088,30,15,2023-03-23
American,DFW,DEN,1184,74,66,2023-02-25
Delta,LAX,SEA,529,34,24,2023-03-16
United,ORD,LAX,2355,57,47,2023-03-13
Southwest,DFW,JFK,1487,6,7,2023-03-08
AirIndia,LAX,LAS,1730,154,147,2023-02-05
AirIndia,ORD,LAS,1995,36,51,2023-01-07
Delta,DEN,SEA,1812,52,49,2023-02-10
Delta,MIA,DEN,1085,16,35,2023-01-21
JetBlue,ATL,DEN,715,163,174,2023-02-14
Southwest,SFO,LAX,2200,74,77,2023-01-20
United,SEA,LAX,2440,2,-1,2023-02-25
AirIndia,JFK,DEN,1126,151,139,2023-02-05
United,DEN,JFK,2482,-1,-10,2023-03-06
JetBlue,LAX,SEA,1445,125,144,2023-03-09
Southwest,LAX,ATL,2429,109,107,2023-03-16
Southwest,DFW,ATL,548,167,166,2023-03-18
United,ORD,DEN,411,53,55,2023-01-23
United,DFW,DEN,1237,167,187,2023-02-02
AirIndia,SFO,MIA,396,125,142,2023-03-22
Delta,DEN,MIA,1871,10,-4,2023-03-02
Delta,DEN,SEA,2226,130,120,2023-02-14
American,DFW,ORD,540,5,5,2023-03-24
American,LAS,MIA,961,55,71,2023-02-18
Delta,LAX,SEA,2427,15,23,2023-02-21
Delta,LAX,MIA,537,82,67,2023-03-01
American,SEA,MIA,2082,78,64,2023-01-11
United,DEN,ORD,1116,153,154,2023-01-08
American,MIA,SEA,2363,-1,-8,2023-01-21
Delta,SEA,JFK,479,143,162,2023-02-08
AirIndia,LAS,ORD,1315,24,28,2023-02-15
American,LAX,MIA,450,139,137,2023-01-28
Southwest,DFW,JFK,2444,-8,10,2023-02-05
United,MIA,LAS,2080,92,85,2023-01-09
AirIndia,LAS,JFK,1990,151,142,2023-04-01
Delta,DEN,ORD,1493,124,140,2023-03-31
Delta,DFW,SEA,2057,154,146,2023-02-26
AirIndia,ORD,JFK,951,168,178,2023-03-02
Southwest,ORD,ATL,2080,151,160,2023-02-09
Southwest,DFW,ORD,2426,168,184,2023-03-21
JetBlue,DFW,SFO,1682,139,152,2023-02-13
JetBlue,DEN,LAS,755,57,62,2023-01-30
Southwest,LAX,SEA,651,85,77,2023-01-07
Delta,ATL,MIA,1781,147,151,2023-02-15
Delta,LAX,SFO,2419,0,1,2023-02-23
Southwest,ATL,MIA,644,54,47,2023-01-05
AirIndia,DFW,SFO,1186,58,66,2023-02-17
American,LAS,DEN,1460,30,35,2023-01-07
Delta,LAS,SFO,1906,171,158,2023-03-28
United,LAS,SEA,1146,121,119,2023-01-28
Southwest,ORD,SEA,837,167,157,2023-03-20
Delta,MIA,DFW,426,180,168,2023-01-31
Southwest,JFK,DFW,1525,168,170,2023-02-14
Delta,JFK,SFO,2474,-4,10,2023-01-04
JetBlue,JFK,LAS,1537,160,149,2023-03-26
Delta,LAS,ATL,449,159,155,2023-03-24
United,SFO,SEA,2133,-9,6,2023-01-22
United,SFO,SEA,903,133,142,2023-01-02
Delta,JFK,DFW,706,173,177,2023-02-09
United,ATL,LAS,1690,112,128,2023-01-16
JetBlue,MIA,SEA,543,39,28,2023-03-17
Southwest,ORD,DFW,1803,68,71,2023-01-13
JetBlue,ATL,SFO,1503,103,110,2023-02-28
JetBlue,DEN,SFO,526,85,79,2023-03-07
JetBlue,LAS,ORD,2017,105,94,2023-01-29
Delta,LAX,MIA,1849,40,53,2023-02-17
AirIndia,LAX,ORD,2468,21,33,2023-02-24
American,ORD,MIA,1141,60,66,2023-02-27
JetBlue,MIA,DEN,1156,155,151,2023-01-21
American,DEN,LAS,1630,169,173,2023-03-11
United,DEN,LAS,560,120,118,2023-03-15
United,SFO,JFK,798,98,91,2023-03-08
Southwest,LAX,ORD,2108,21,40,2023-03-07
AirIndia,JFK,DEN,1385,41,35,2023-03-10
Delta,LAS,ORD,2493,68,62,2023-02-26
United,MIA,DFW,1315,41,32,2023-01-22
AirIndia,DFW,DEN,668,46,46,2023-03-14
JetBlue,LAS,LAX,1055,155,144,2023-02-27
Southwest,DEN,LAS,2245,17,16,2023-03-01
Southwest,ORD,SFO,1369,85,90,2023-03-05
Southwest,SEA,MIA,1703,72,68,2023-01-24
AirIndia,LAS,JFK,2200,91,103,2023-04-01
JetBlue,DEN,MIA,949,147,163,2023-02-09
JetBlue,DEN,DFW,2089,153,173,2023-02-02
AirIndia,ORD,MIA,1228,23,40,2023-03-04
JetBlue,DFW,JFK,914,133,126,2023-03-09
AirIndia,LAX,JFK,1808,69,79,2023-01-25
Southwest,JFK,MIA,755,151,151,2023-01-15
Delta,SEA,LAS,2388,67,58,2023-02-07
AirIndia,LAX,ORD,2490,28,42,2023-01-10
AirIndia,DFW,LAX,1837,89,108,2023-02-27
Southwest,LAX,ORD,890,46,52,2023-02-07
Southwest,SEA,DFW,1355,155,166,2023-01-10
Delta,LAS,SEA,1689,2,16,2023-02-24
United,JFK,ATL,892,78,73,2023-02-02
American,MIA,ATL,446,125,129,2023-03-23
AirIndia,LAS,SEA,749,59,46,2023-02-13
Southwest,DEN,ORD,1116,131,137,2023-03-24
Delta,LAX,SFO,1194,80,65,2023-03-15
United,LAX,SFO,571,5,8,2023-01-16
Delta,DFW,MIA,2024,169,174,2023-02-11
United,DFW,ORD,1358,74,72,2023-02-13
United,SEA,LAX,1394,101,121,2023-03-04
Southwest,MIA,DEN,2306,38,34,2023-03-18
AirIndia,SEA,LAS,2375,146,137,2023-01-04
Southwest,SEA,DFW,792,59,54,2023-03-30
American,ORD,LAX,1841,16,7,2023-04-01
American,LAX,ATL,1291,98,110,2023-02-03
JetBlue,ATL,SFO,1307,128,136,2023-03-12
American,ATL,JFK,306,103,88,2023-01-05
AirIndia,DFW,LAS,579,89,75,2023-03-01
American,LAS,DEN,465,152,140,2023-03-18
JetBlue,LAX,LAS,1034,46,52,2023-02-23
Southwest,JFK,ORD,1184,81,76,2023-01-18
AirIndia,ATL,SFO,2172,104,90,2023-01-23
JetBlue,SFO,LAX,524,132,128,2023-01-06
JetBlue,MIA,LAS,1268,40,50,2023-03-28
Delta,MIA,ORD,449,14,30,2023-03-31
JetBlue,DFW,SEA,1561,15,3,2023-03-18
Delta,MIA,ORD,673,87,81,2023-02-07
AirIndia,LAX,MIA,1036,72,69,2023-01-16
American,JFK,MIA,2190,78,94,2023-02-03
JetBlue,DEN,ATL,1859,81,85,2023-01-22
JetBlue,DEN,ATL,1827,65,54,2023-03-27
American,ATL,JFK,494,100,85,2023-02-28
JetBlue,MIA,JFK,1900,29,39,2023-03-10
JetBlue,ORD,SFO,305,82,88,2023-01-30
American,LAS,ATL,754,5,23,2023-01-25
United,SEA,JFK,1643,76,79,2023-01-31
AirIndia,SFO,LAX,539,138,135,2023-02-20
AirIndia,MIA,SFO,1944,93,93,2023-02-27
United,SFO,ATL,1624,160,165,2023-03-30
JetBlue,MIA,SEA,720,167,154,2023-03-03
Delta,MIA,LAS,825,86,83,2023-04-01
United,LAS,ORD,1831,24,15,2023-02-09
JetBlue,JFK,DFW,1424,52,41,2023-01-27
Southwest,SEA,LAX,1520,-6,7,2023-01-12
Southwest,MIA,SEA,336,128,144,2023-03-23
AirIndia,LAS,ORD,761,72,59,2023-01-29
AirIndia,DEN,SFO,2472,39,46,2023-03-30
Delta,JFK,SFO,2238,77,65,2023-02-08
United,LAX,DFW,2254,118,116,2023-01-07
JetBlue,JFK,ORD,2011,-6,13,2023-02-14
United,LAX,LAS,1702,155,163,2023-01-14
AirIndia,LAS,SFO,832,-9,-23,2023-03-22
AirIndia,ATL,ORD,1526,37,56,2023-03-15
American,MIA,SEA,710,-10,-2,2023-03-02
United,LAX,MIA,1799,174,159,2023-02-14
United,LAX,LAS,2283,117,112,2023-01-09
JetBlue,MIA,SFO,943,70,77,2023-03-13
Southwest,ATL,ORD,1398,168,157,2023-03-09
JetBlue,SFO,LAX,559,135,139,2023-03-29
Delta,LAX,DEN,1504,96,98,2023-03-31
JetBlue,DEN,MIA,288,144,163,2023-02-21
United,LAX,DFW,869,1,-6,2023-01-02
JetBlue,JFK,ORD,1154,103,120,2023-01-26
Southwest,SEA,SFO,392,118,131,2023-01-25
AirIndia,DEN,SEA,2002,33,47,2023-02-27
United,ORD,DEN,1982,97,91,2023-03-03
Southwest,LAS,DEN,2266,175,180,2023-03-20
Southwest,LAX,ORD,849,16,32,2023-01-20
United,JFK,SFO,1671,112,118,2023-03-07
AirIndia,DFW,ORD,570,45,48,2023-03-01
Delta,DFW,MIA,615,169,188,2023-01-03
JetBlue,LAX,DFW,1100,83,80,2023-03-01
Delta,ATL,LAX,2417,30,37,2023-02-23
Southwest,LAS,ATL,1934,114,106,2023-02-06
United,DEN,LAX,1357,107,114,2023-02-02
United,DEN,ATL,1064,15,25,2023-02-11
JetBlue,ATL,LAS,2354,153,138,2023-03-27
American,DEN,ORD,1275,12,10,2023-01-18
Delta,SEA,MIA,1152,56,58,2023-03-30
AirIndia,JFK,SFO,688,60,73,2023-03-24
United,SEA,ORD,236,134,137,2023-01-07
JetBlue,ORD,MIA,1132,68,82,2023-02-08
Delta,LAS,MIA,420,36,53,2023-03-21
AirIndia,ATL,LAS,318,52,54,2023-02-04
Southwest,SEA,JFK,266,85,92,2023-02-01
AirIndia,SFO,ATL,1351,35,24,2023-03-02
American,ORD,SEA,822,129,145,2023-02-06
JetBlue,ORD,LAS,746,151,160,2023-03-17
American,ATL,DFW,2490,163,171,2023-02-14
United,LAX,ATL,1361,89,88,2023-02-10
AirIndia,ORD,DEN,2428,101,118,2023-03-30
JetBlue,LAX,MIA,742,7,-2,2023-03-17
Southwest,LAS,DFW,710,-1,-12,2023-04-01
JetBlue,JFK,LAS,2410,50,66,2023-01-04
JetBlue,LAS,LAX,1569,65,73,2023-02-26
Southwest,ORD,LAX,1681,165,175,2023-01-15
United,SFO,ORD,1299,52,69,2023-01-10
United,LAX,DEN,869,52,56,2023-02-22
Delta,ATL,LAS,511,135,149,2023-03-13
United,LAS,DFW,1185,103,108,2023-03-05
JetBlue,LAX,SFO,1998,19,8,2023-03-04
United,DEN,LAS,594,60,68,2023-03-06
Southwest,ATL,SEA,1259,-8,-21,2023-02-27
AirIndia,SEA,DEN,1969,87,103,2023-01-01
Southwest,LAX,JFK,2062,124,116,2023-01-19
Southwest,DFW,JFK,1076,136,136,2023-01-02
Southwest,SFO,JFK,594,154,174,2023-02-02
Delta,DFW,LAS,476,109,98,2023-03-15
American,ORD,LAX,2155,97,113,2023-01-24
Southwest,SEA,DEN,1806,87,81,2023-01-26
AirIndia,ORD,ATL,2368,47,54,2023-03-16
American,LAS,DFW,885,21,18,2023-02-05
JetBlue,MIA,SFO,1035,116,112,2023-01-30
JetBlue,DFW,LAS,1791,55,64,2023-01-21
Southwest,LAX,ORD,275,17,32,2023-01-11
Southwest,ATL,JFK,2412,19,9,2023-04-01
Southwest,LAS,LAX,1710,180,200,2023-02-25
AirIndia,SFO,DFW,2319,72,71,2023-02-16
United,JFK,ORD,462,59,77,2023-03-11
Delta,LAX,JFK,1213,163,175,2023-03-06
JetBlue,JFK,ORD,2335,15,0,2023-03-16
Southwest,LAS,SFO,1211,28,42,2023-01-04
AirIndia,LAS,ATL,469,144,163,2023-02-04
Delta,SEA,SFO,2079,143,135,2023-02-03
AirIndia,MIA,ATL,2103,115,124,2023-03-11
Southwest,LAX,DFW,966,165,183,2023-01-24
Delta,SEA,ORD,1608,152,172,2023-01-17
United,DFW,LAX,686,-8,-17,2023-03-09
United,DFW,DEN,549,87,95,2023-01-19
Southwest,DEN,SEA,824,82,78,2023-01-13
JetBlue,SFO,ATL,1303,104,117,2023-01-27
JetBlue,ATL,ORD,1234,47,47,2023-03-27
AirIndia,MIA,LAS,963,75,83,2023-03-05
AirIndia,ATL,MIA,1855,146,132,2023-01-27
AirIndia,LAX,SEA,2232,31,45,2023-02-19
American,LAS,MIA,856,168,157,2023-02-23
American,LAS,SEA,1453,81,94,2023-01-15
AirIndia,SFO,SEA,1797,134,130,2023-01-24
AirIndia,LAX,JFK,454,17,19,2023-01-30
JetBlue,MIA,DFW,2167,147,160,2023-03-14
Delta,JFK,LAS,1703,109,95,2023-02-22
Southwest,LAS,LAX,824,66,82,2023-03-29
AirIndia,DFW,ORD,259,99,100,2023-02-21
Delta,SFO,JFK,1662,113,120,2023-03-19
American,DEN,MIA,314,67,54,2023-03-10
JetBlue,SEA,ORD,229,9,-1,2023-02-10
Delta,MIA,JFK,373,70,61,2023-01-19
JetBlue,JFK,DFW,2077,140,150,2023-01-23
American,SFO,MIA,1197,-10,-11,2023-03-22
JetBlue,LAS,MIA,1430,101,94,2023-01-21
United,JFK,ATL,2152,90,105,2023-01-22
JetBlue,LAX,SEA,848,97,91,2023-01-26
Southwest,MIA,SEA,2065,133,131,2023-03-09
Southwest,ATL,DEN,1499,86,91,2023-02-09
AirIndia,SFO,LAS,1243,125,111,2023-03-10
Southwest,ATL,SEA,266,141,148,2023-02-11
AirIndia,SFO,DEN,790,51,47,2023-02-09
Delta,ATL,SFO,1112,24,31,2023-04-01
Southwest,SEA,SFO,1325,89,97,2023-03-12
Southwest,DFW,SFO,1592,31,32,2023-01-21
AirIndia,LAX,SEA,1770,153,150,2023-01-27
Delta,DFW,LAX,1693,98,108,2023-02-02
American,JFK,LAX,1479,34,47,2023-02-09
AirIndia,JFK,DFW,200,30,24,2023-02-11
JetBlue,MIA,JFK,832,22,42,2023-03-21
United,SEA,ORD,2164,65,52,2023-03-31
Delta,LAS,DFW,667,112,130,2023-01-28
Southwest,JFK,DFW,2063,55,45,2023-02-16
JetBlue,SEA,JFK,1152,163,172,2023-01-20
AirIndia,LAS,SFO,930,60,53,2023-02-05
Delta,ATL,LAX,673,42,56,2023-01-10
American,LAS,SFO,683,12,18,2023-02-14
Delta,ATL,DEN,389,-9,-9,2023-01-17
Southwest,ATL,SEA,312,51,59,2023-03-20
Delta,ATL,LAS,1291,67,63,2023-02-12
JetBlue,LAX,ATL,1453,80,86,2023-03-16
United,LAS,DEN,2025,76,94,2023-03-01
Delta,ATL,SEA,1353,96,109,2023-02-20
AirIndia,DEN,LAS,926,130,132,2023-02-12
AirIndia,ORD,ATL,1154,79,64,2023-01-14
JetBlue,SFO,JFK,2342,71,65,2023-01-31
AirIndia,DFW,JFK,1445,129,137,2023-02-07
Delta,JFK,LAX,1273,60,80,2023-01-11
Delta,SFO,DEN,2209,129,116,2023-02-01
AirIndia,ORD,DFW,722,20,35,2023-01-30
Southwest,JFK,MIA,2110,59,50,2023-02-17
Southwest,MIA,LAX,1143,179,178,2023-03-30
JetBlue,LAX,SEA,1477,78,81,2023-02-03
AirIndia,ORD,MIA,1491,102,91,2023-02-10
AirIndia,LAX,ORD,1889,6,-4,2023-03-23
Southwest,LAX,DFW,2337,36,34,2023-02-01
United,MIA,ATL,2331,177,195,2023-02-13
JetBlue,DEN,ATL,498,122,124,2023-03-05
United,DEN,SFO,1116,63,81,2023-01-30
AirIndia,MIA,ATL,2054,167,167,2023-03-29
American,SEA,LAX,1859,6,6,2023-01-29
JetBlue,ORD,LAS,1549,5,18,2023-03-30
Southwest,MIA,LAX,1609,60,60,2023-02-02
JetBlue,JFK,ORD,642,59,62,2023-02-10
American,LAX,SEA,311,4,19,2023-02-22
AirIndia,JFK,DFW,1770,38,41,2023-03-15
Southwest,DFW,SEA,2187,76,77,2023-01-21
AirIndia,ORD,DEN,1068,93,83,2023-02-27
American,ATL,DFW,1588,114,118,2023-03-03
United,SFO,LAX,545,179,187,2023-03-08
AirIndia,ORD,LAX,1142,42,59,2023-01-06
American,ATL,LAX,846,41,53,2023-03-11
Southwest,JFK,LAS,1631,-6,-6,2023-01-19
JetBlue,ATL,DEN,1484,91,91,2023-03-16
JetBlue,LAS,LAX,2264,121,113,2023-01-01
Southwest,DFW,SFO,1628,26,11,2023-03-03
Delta,JFK,LAX,2126,96,92,2023-02-09
Southwest,ATL,LAS,1950,21,35,2023-01-07
JetBlue,LAS,ATL,1190,122,127,2023-01-27
Southwest,DEN,SEA,976,116,106,2023-01-16
United,DEN,SEA,2212,-4,-5,2023-02-08
United,JFK,MIA,2457,56,43,2023-03-16
American,DEN,ATL,2479,112,116,2023-02-25
Southwest,DEN,SFO,872,-2,5,2023-03-05
AirIndia,SFO,LAS,275,49,67,2023-02-07
United,SEA,ORD,2196,88,77,2023-03-18
AirIndia,ORD,DEN,2468,118,114,2023-01-14
JetBlue,JFK,DEN,986,123,121,2023-01-29
Southwest,LAS,DEN,2310,7,27,2023-02-16
United,DEN,JFK,1922,57,71,2023-01-11
American,ATL,DFW,1320,125,112,2023-03-03
Delta,DFW,LAS,1189,63,70,2023-01-01
Southwest,ORD,ATL,1694,151,157,2023-01-12
United,DFW,LAX,1860,84,78,2023-04-01
AirIndia,SEA,SFO,676,74,64,2023-03-16
Delta,DFW,LAX,976,83,97,2023-02-26
American,DFW,MIA,2430,31,39,2023-01-11
American,JFK,LAX,1680,108,127,2023-03-30
Southwest,DEN,ATL,2146,25,17,2023-01-03
Delta,LAS,MIA,877,84,100,2023-03-08
JetBlue,SFO,SEA,2469,42,51,2023-01-17
Delta,SEA,ATL,1806,139,126,2023-03-27
Southwest,ATL,DEN,942,134,122,2023-03-24
American,LAS,ATL,715,139,145,2023-01-22
Delta,SEA,ORD,2338,131,144,2023-01-09
Delta,DEN,ATL,1923,156,149,2023-02-01
Southwest,DFW,LAX,365,34,54,2023-01-02
AirIndia,JFK,SEA,295,118,126,2023-03-09
Southwest,ORD,DFW,2397,69,72,2023-03-23
AirIndia,SFO,DEN,1382,9,0,2023-03-06
JetBlue,MIA,LAS,1428,144,136,2023-03-28
United,JFK,LAS,910,122,132,2023-01-11
Delta,LAX,JFK,1853,70,73,2023-02-23
JetBlue,SFO,MIA,384,92,94,2023-03-01
American,LAS,ATL,361,93,93,2023-02-19
United,LAX,DEN,2120,-4,-13,2023-02-21
Southwest,MIA,DFW,1487,-5,-1,2023-03-28
Delta,MIA,DFW,780,124,110,2023-02-28
Southwest,ATL,SFO,824,168,179,2023-01-08
American,ORD,MIA,303,58,48,2023-03-08
Delta,DFW,ATL,1946,179,176,2023-01-02
AirIndia,JFK,DEN,2141,146,163,2023-02-16
Delta,DEN,SFO,998,87,83,2023-03-17
JetBlue,LAS,DFW,259,60,50,2023-03-04
JetBlue,LAS,JFK,1109,166,151,2023-01-25
Southwest,JFK,DEN,1355,94,84,2023-04-01
AirIndia,SEA,DEN,2133,102,102,2023-01-20
United,MIA,DFW,601,67,79,2023-03-30
JetBlue,SEA,MIA,996,166,168,2023-01-29
American,JFK,DEN,2075,131,118,2023-02-18
United,DFW,ATL,1296,29,24,2023-01-28
Delta,SEA,MIA,2005,108,119,2023-01-14
American,DEN,MIA,2292,177,166,2023-02-14
United,LAS,JFK,2162,146,136,2023-02-21
Delta,DFW,LAX,536,155,160,2023-01-12
United,MIA,DEN,475,40,40,2023-01-30
American,JFK,MIA,1606,-3,11,2023-02-28
AirIndia,ORD,SEA,2406,97,110,2023-02-12
American,JFK,SEA,1093,136,140,2023-02-18
AirIndia,ATL,LAX,2407,38,25,2023-03-01
Southwest,LAX,LAS,1526,164,156,2023-01-26
Southwest,MIA,LAS,2367,136,152,2023-03-31
Southwest,JFK,SEA,960,139,149,2023-01-23
American,DFW,DEN,1405,118,118,2023-03-08
United,SFO,MIA,613,176,164,2023-02-11
Southwest,DEN,DFW,1664,171,162,2023-03-06
Delta,SEA,LAS,456,118,135,2023-01-30
Southwest,LAX,SEA,635,69,74,2023-01-22
Southwest,ORD,MIA,703,78,66,2023-02-02
American,LAS,LAX,1050,145,157,2023-01-24
United,DFW,MIA,451,126,145,2023-01-20
United,SEA,MIA,1481,111,131,2023-03-04
AirIndia,SEA,DFW,1550,-6,-3,2023-03-24
AirIndia,LAS,SEA,1771,155,147,2023-02-26
AirIndia,ATL,SEA,2279,127,118,2023-02-28
Southwest,SEA,DFW,827,157,146,2023-03-09
AirIndia,LAS,JFK,393,-7,-14,2023-03-28
American,SFO,ORD,882,155,142,2023-03-16
American,LAX,SFO,285,6,-6,2023-03-20
United,SFO,DEN,226,92,78,2023-01-10
American,SEA,ATL,1439,39,52,2023-01-23
Southwest,MIA,JFK,693,137,134,2023-02-01
JetBlue,ORD,DFW,2317,31,45,2023-01-08
American,JFK,DEN,747,11,7,2023-04-01
American,MIA,SEA,1147,173,176,2023-02-14
JetBlue,SFO,MIA,1258,47,39,2023-01-19
United,DFW,DEN,1509,160,179,2023-02-27
United,MIA,ORD,716,162,157,2023-03-19
American,DFW,DEN,1299,88,90,2023-01-10
Southwest,ATL,DFW,2252,50,58,2023-03-10
Delta,SEA,ORD,1778,140,158,2023-01-30
American,MIA,SFO,1759,176,187,2023-02-07
JetBlue,SFO,LAS,567,142,144,2023-03-11
Delta,LAS,SEA,2145,1,-8,2023-01-05
JetBlue,LAX,SFO,1157,140,160,2023-03-09
United,DEN,JFK,1854,127,117,2023-03-09
AirIndia,LAX,ORD,920,136,140,2023-02-02
United,ORD,SEA,1704,104,118,2023-03-09
JetBlue,SEA,DFW,1047,-3,1,2023-02-21
Southwest,SEA,DFW,1156,114,120,2023-01-16
United,ORD,ATL,1933,80,94,2023-01-09
American,SFO,ATL,1357,61,79,2023-01-05
JetBlue,ATL,LAX,2363,80,99,2023-01-21
United,SEA,MIA,870,-5,11,2023-01-22
Southwest,DEN,LAX,1837,119,119,2023-01-30
Delta,LAX,ORD,1265,-10,-15,2023-02-21
American,JFK,SFO,899,85,91,2023-01-03
United,LAX,LAS,266,-10,-14,2023-02-28
Delta,LAX,ORD,2308,100,107,2023-02-07
Southwest,MIA,SFO,2195,108,120,2023-02-26
American,DFW,ATL,962,147,159,2023-02-11
Southwest,SEA,LAS,2163,-2,1,2023-01-26
Southwest,SEA,SFO,2382,153,138,2023-01-30
United,LAX,ORD,434,135,152,2023-02-16
AirIndia,ORD,JFK,1241,171,163,2023-02-17
United,SFO,ATL,855,160,173,2023-01-09
American,SFO,ORD,2381,-9,4,2023-02-01
Southwest,ORD,SFO,1365,91,109,2023-01-22
United,DEN,DFW,1504,156,173,2023-03-24
Delta,MIA,JFK,822,90,83,2023-02-24
Southwest,DFW,ATL,886,84,69,2023-03-23
United,SFO,LAS,1857,103,119,2023-02-14
Southwest,LAS,SEA,1037,117,126,2023-02-01
United,LAS,LAX,1242,172,177,2023-01-04
American,LAX,ATL,1334,21,41,2023-03-02
JetBlue,SFO,MIA,373,107,100,2023-01-18
Delta,SEA,JFK,2238,56,74,2023-03-13
American,DEN,DFW,1183,83,68,2023-02-11
United,DFW,DEN,2468,-9,-13,2023-01-19
American,ORD,JFK,1832,101,97,2023-03-07
AirIndia,LAX,MIA,866,148,141,2023-03-26
Southwest,JFK,ATL,1278,63,53,2023-03-03
JetBlue,JFK,ORD,808,-1,4,2023-02-24
AirIndia,ORD,LAX,2186,177,185,2023-03-03
Southwest,SFO,ORD,724,34,43,2023-02-18
United,SEA,MIA,611,85,99,2023-02-16
Southwest,JFK,DFW,550,-9,7,2023-02-10
Delta,SFO,DFW,1799,172,178,2023-03-21
JetBlue,SFO,MIA,425,65,52,2023-03-02
Southwest,LAS,DEN,692,37,32,2023-01-02
American,JFK,DEN,541,95,112,2023-03-04
Delta,DFW,SFO,787,155,173,2023-02-01
Southwest,MIA,ORD,1261,86,82,2023-02-02
American,JFK,DFW,1989,119,138,2023-03-24
JetBlue,JFK,ATL,1606,170,175,2023-01-05
American,LAX,LAS,1162,155,151,2023-01-21
Delta,DFW,LAX,1894,116,125,2023-02-04
Southwest,DEN,JFK,980,155,159,2023-03-18
AirIndia,ORD,SFO,604,84,104,2023-01-13
JetBlue,LAS,DEN,2477,77,70,2023-01-10
Southwest,DFW,LAS,922,90,91,2023-01-26
United,MIA,DFW,887,9,24,2023-03-12
JetBlue,DFW,JFK,773,118,118,2023-02-20
AirIndia,DFW,MIA,1427,127,128,2023-03-03
Southwest,JFK,ORD,1868,92,107,2023-02-05
United,ATL,JFK,881,127,141,2023-03-16
United,DEN,JFK,1016,52,54,2023-01-03
AirIndia,LAX,ATL,2403,-4,5,2023-02-12
JetBlue,ORD,ATL,1892,123,143,2023-01-28
JetBlue,ATL,DEN,2477,76,63,2023-03-19
AirIndia,ATL,ORD,837,63,50,2023-02-09
